patDis,abb,CutOff,name
0.0235900822251777,exmpl1,0,Example 1
0.0445122846179237,exmpl2,0,Example 2
0.1045062212542,exmpl3,0,Example 3